url,html
http://stats.espncricinfo.com/ci/content/ground/56441.html,"<!DOCTYPE html PUBLIC ""-//W3C//DTD XHTML 1.0 Transitional//EN"" ""http://www.w3.org/TR/xhtml1/DTD/xhtml1-transitional.dtd"">
<!-- hostname: web006, edition-view: espncricinfo-en-ww, country: ca, cluster: can, created: 2019-05-08 08:25:35 --><html xmlns=""http://www.w3.org/1999/xhtml"" xmlns:fb=""http://www.facebook.com/2008/fbml"" xmlns:og=""http://opengraphprotocol.org/schema/"">
<head>
<script type=""text/javascript"">var _sf_startpt=(new Date()).getTime()</script>
<meta content=""ZxdgH3XglRg0Bsy-Ho2RnO3EE4nRs53FloLS6fkt_nc"" name=""google-site-verification""/>
<title>Melbourne Cricket Ground | Australia | Cricket Grounds | ESPNcricinfo.com</title>
<meta content=""text/html;charset=utf-8"" http-equiv=""Content-Type""/>
<meta content=""Melbourne Cricket Ground, MCG, Cricket grounds, Cricket venues, cricket stadiums"" name=""keywords""/>
<meta content=""Melbourne Cricket Ground profile on Cricinfo - includes statistics, profile, photos, and articles about the cricket ground."" name=""description""/>
<!--[if IE 9]>
<script language=""javascript"" type=""text/javascript"">
function fnCreateJumpList(iScenario) {
fnClearJumpList();
window.external.msSiteModeCreateJumpList(""Quick Links"")
window.external.msSiteModeShowJumpList();
}
function fnClearJumpList() {
window.external.msSiteModeClearJumplist();
}
</script>

<meta name=""msapplication-task"" content=""name=Live Scores;action-uri=http://www.espncricinfo.com/ci/engine/current/match/scores/live.html;icon-uri=http://a.espncdn.com/espncricinfo/favicon.ico""/>
<meta name=""msapplication-task"" content=""name=Latest News;action-uri=http://www.espncricinfo.com/ci/content/current/story/news.html;icon-uri=http://a.espncdn.com/espncricinfo/favicon.ico""/>
<meta name=""msapplication-task"" content=""name=Fixtures;action-uri=http://www.espncricinfo.com/ci/content/current/match/fixtures/index.html;icon-uri=http://a.espncdn.com/espncricinfo/favicon.ico""/>
<meta name=""msapplication-task"" content=""name=Results;action-uri=http://www.espncricinfo.com/ci/engine/current/match/scores/recent.html;icon-uri=http://a.espncdn.com/espncricinfo/favicon.ico""/>
<meta name=""msapplication-task"" content=""name=Photos;action-uri=http://www.espncricinfo.com/ci/content/current/image/index.html;icon-uri=http://a.espncdn.com/espncricinfo/favicon.ico""/>
<meta name=""msapplication-task"" content=""name=Audio/Video;action-uri=http://www.espncricinfo.com/ci/content/video_audio/index.html;icon-uri=http://a.espncdn.com/espncricinfo/favicon.ico""/>
<script language=""javascript"" type=""text/javascript"">
        fnCreateJumpList(2);
</script>
<![endif]-->
<meta content=""index, follow"" name=""robots""/>
<meta content=""index, follow"" name=""googlebot""/>
<meta content=""landmark"" property=""og:type""/>
<link href=""http://www.espncricinfo.com/australia/content/ground/56441.html"" rel=""canonical""/>
<meta content=""http://www.espncricinfo.com/inline/content/image/335266.html"" property=""og:image""/>
<meta content=""http://a.espncdn.com/i/espn/espn_logos/espncricinfo.png"" property=""og:image""/>
<link href=""http://a.espncdn.com/i/espn/espn_logos/espncricinfo.png"" rel=""image_src""/>
<link href=""http://a.espncdn.com/espncricinfo/favicon.ico"" rel=""shortcut icon""/>
<link href=""http://a.espncdn.com/espncricinfo/favicon.png"" rel=""icon"" type=""image/png""/>
<link href=""http://a.espncdn.com/espncricinfo/favicon.gif"" rel=""icon"" type=""image/gif""/>
<link href=""http://a.espncdn.com/wireless/mw5/r1/images/bookmark-icons/espncricinfo_icon-57x57.min.png"" rel=""apple-touch-icon""/>
<link href=""http://a.espncdn.com/wireless/mw5/r1/images/bookmark-icons/espncricinfo_icon-57x57.min.png"" rel=""apple-touch-icon-precomposed""/>
<link href=""http://a.espncdn.com/wireless/mw5/r1/images/bookmark-icons/espncricinfo_icon-72x72.min.png"" rel=""apple-touch-icon-precomposed"" sizes=""72x72""/>
<link href=""http://a.espncdn.com/wireless/mw5/r1/images/bookmark-icons/espncricinfo_icon-114x114.min.png"" rel=""apple-touch-icon-precomposed"" sizes=""114x114""/>
<link href=""http://a.espncdn.com/wireless/mw5/r1/images/bookmark-icons/espncricinfo_icon-152x152.min.png"" rel=""apple-touch-icon-precomposed"" sizes=""152x152""/>
<meta content=""260890547115"" property=""fb:app_id""/>
<meta content=""Cricinfo"" property=""og:site_name""/>
<!-- Cricinfo Global News RSS feed link -->
<link href=""/rss/content/story/feeds/0.xml"" rel=""alternate"" title=""Global News RSS Feed"" type=""application/rss+xml""/>
<link href=""/rss/livescores.xml"" rel=""alternate"" title=""Cricinfo live scores RSS feed"" type=""application/rss+xml""/>
<link charset=""utf-8"" href=""http://a.espncdn.com/combiner/c?css=fonts/bentonsans.css,fonts/bentonsansbold.css,fonts/bentonsanslight.css,fonts/bentonsansmedium.css,fonts/bentonsanscond.css,fonts/bentonsanscondbold.css,fonts/bentonsanscondmedium.css"" media=""screen"" rel=""stylesheet"" type=""text/css""/>
<link charset=""utf-8"" href=""http://i.imgci.com/navigation/cricinfo/ci/assets/css/sub_nav.css?v=1459761501"" media=""screen"" rel=""stylesheet"" type=""text/css""/>
<link href=""http://i.imgci.com/navigation/cricinfo/ci/global.0.0.1.css?1500527079"" rel=""stylesheet"" type=""text/css""/>
<script language=""javascript"" type=""text/javascript"">
	if(navigator.userAgent.indexOf('Linux') != -1) { 
		var linux = '/navigation/cricinfo/ci/global_linux.css?1359981014';
		var linuxcss=document.createElement(""link"");
		linuxcss.setAttribute(""rel"", ""stylesheet"");
		linuxcss.setAttribute(""type"", ""text/css"");
		linuxcss.setAttribute(""href"", linux);
		document.getElementsByTagName(""head"")[0].appendChild(linuxcss);
	}
</script>
<script language=""javascript"" src=""http://i.imgci.com/navigation/cricinfo/ci/jquery-1.7.2.min.js"" type=""text/javascript""></script>
<script language=""javascript"" src=""http://i.imgci.com/navigation/cricinfo/ci/default.js?1444812066"" type=""text/javascript""></script>
<script src=""http://a.espncdn.com/combiner/c?js=jquery-1.7.1.js,plugins/jquery.metadata.js,plugins/jquery.pubsub.r5.js,plugins/ba-debug-0.4.js,espn.l10n.r12.js,espn.core.duo.r55.js,espn.storage.r6.js,espn.geo.r2.js""></script>
<link href=""http://i.imgci.com/navigation/cricinfo/ci/vod_player/css/espn-web-player-bundle.1.0.1.css?v=1510209320"" rel=""stylesheet""/>
<!-- VOD Shim starts -->
<script src=""http://a.espncdn.com/prod/scripts/video/2.14.1-5/espn.video.universal.min.js""></script>
<script src=""http://i.imgci.com/navigation/cricinfo/ci/vod_player/js/min/video.1.0.0.js""></script>
<!-- VOD Shim ends -->
<script language=""javascript"" type=""text/javascript"">
	if (typeof $ === 'undefined'){	
		var $ = jQuery;
	}
	ord=Math.random()*10000000000000000;
	var ad_counter = 1;

	cqanswer = 'ca';
	location_country = 'ca';
	location_cluster = 'can';
</script>
<script src=""http://i.imgci.com/navigation/cricinfo/ci/assets/js/plugins/jquery.cookie-1.4.1.js""></script>
<style type=""text/css"">
.video-play-button{background: url(http://img.cricinfo.com/espncricinfo/video/play-icon.png) no-repeat center center;bottom: 0px;left: 0px;position: absolute;right: 0px;text-shadow: none;top: 0px;width: 100%;background-size: 50px auto;opacity: .6;color: transparent;cursor:pointer;}
.video-play-button:hover{opacity: 1;}
</style>
<link href=""/rss/content/story/feeds/56441.rss"" rel=""alternate"" title=""Melbourne Cricket Ground RSS Feed"" type=""application/rss+xml""/>
<meta content=""ESPNcricinfo"" name=""application-name""/>
<meta content=""#266ab4"" name=""msapplication-TileColor""/>
<meta content=""http://i.imgci.com/espncricinfo/6b245241-3938-499c-8c79-9b80f97bed96.png"" name=""msapplication-TileImage""/>
<!--Added clevertap code here to avoid adding the code multiple files -->
<script type=""text/javascript"">
  
  window.clevertap = {event:[], profile:[], account:[{""id"": ""WRK-48Z-445Z""}], notifications:[]};
</script>
<!-- Load GPT JavaScript library used by DFP -->
<script type=""text/javascript"">
  var googletag = googletag || {};
  googletag.cmd = googletag.cmd || [];
  (function() {
    var gads = document.createElement(""script"");
    gads.async = true;
    gads.type = ""text/javascript"";
    var useSSL = true;
    // var useSSL = ""https:"" == document.location.protocol;
    gads.src = (useSSL ? ""https:"" : ""http:"") + ""//www.googletagservices.com/tag/js/gpt.js"";
    var node =document.getElementsByTagName(""script"")[0];
    node.parentNode.insertBefore(gads, node);
   })();
</script>
<script src=""http://a.espncdn.com/combiner/c?js=swfobject/2.2/swfobject.js?minify=false"" type=""text/javascript""></script>
<style>
.espni-ad-slot{line-height: 0;}
pre.gpt-debug{padding: 10px; background: burlywood;}
</style>
<script type=""text/javascript""> var ad_setting = {""adtar"":"""",""kvbrand"":""ci"",""kvcluster"":""can"",""kvnavtype"":"""",""kvpt"":""index"",""kvsite"":"""",""networkid"":""6444"",""path"":""/6444/espn.cricinfo.com/others"",""sp"":""cricinfo"",""template"":""desktop"",""template_type"":""non_responsive""}; var __GPTenabled = true; </script>
</head>
<body id=""cric_old_template"">
<script type=""text/javascript"">
  window.espn = window.espn || {};
  espn.isOneSite = true;
</script>
<script src=""http://cdn.espn.com/core/format/modules/head/i18n?edition-host=espncricinfo.com&amp;type=ext&amp;site=espncricinfo&amp;region=ww&amp;lang=en&amp;build=0.425.7""></script>
<link crossorigin="""" href=""http://a.espncdn.com"" rel=""preconnect""/>
<!--<link rel=""stylesheet"" href=""http://local.espncricinfo.com:8080/static/css/transitional-header-cricinfo.css"" />
<link rel=""stylesheet"" href=""/navigation/cricinfo/ci/redesign/css/transitional-header/transitional-header-cricinfo.css"">-->
<link href=""http://a.espncdn.com/redesign/0.425.7/css/transitional-header-cricinfo.css"" rel=""stylesheet""/>
<style>
  #global-viewport #header-wrapper{position:relative!important}#global-viewport{font-size:16px!important;font-family:sans-serif!important}body{background:#edeef0!important}#global-viewport .footer{background:0 0;text-transform:initial!important}.global-search .search-results ul a{font-size:12px;line-height:16px}.global-search .search-results ul a b{font-family:BentonSans,-apple-system,Roboto,Helvetica,Arial,sans-serif!important}#global-nav .pillar.editions>div{left:auto!important}.feed-title{line-height:24px!important;text-transform:uppercase;font-family:BentonSans,-apple-system,Roboto,Helvetica,Arial,sans-serif!important}.feed-title.favorites span{color:#06c;cursor:pointer;display:block;font-weight:400;line-height:13px;position:absolute;right:10px;text-transform:none;top:5px}#global-scoreboard-trigger+.alert{padding:12px 35px 12px 18px;font-size:12px}.hidden{display:none!important}@media screen and (min-width:768px){.scores-link-alert{display:none!important}}@media screen and (min-width:1024px){.global-user .current-favorites{padding:0 10px 34px 20px!important}}.lightbox.favorites-mgmt{height:518px;margin-left:-378px;width:756px}.lightbox-container .lightbox.favorites-mgmt{padding-top:0}@media screen and (min-width:768px){.lightbox-container .lightbox.favorites-mgmt{height:370px;width:700px}}.lightbox-container .lightbox.favorites-mgmt .btn-close:before{font-size:24px;line-height:24px}@media screen and (min-width:1260px){.lightbox-container .lightbox.favorites-mgmt iframe{width:1260px}}@media screen and (min-width:1024px) and (max-width:1259px){.lightbox-container .lightbox.favorites-mgmt iframe{width:1024px}}@media screen and (min-width:1px) and (max-width:1023px){.lightbox-container .lightbox.favorites-mgmt{margin-left:-338px;-webkit-overflow-scrolling:touch;width:676px}.lightbox-container .lightbox.favorites-mgmt iframe{width:768px}}@media screen and (max-width:767px){.lightbox-container .lightbox.favorites-mgmt{height:inherit;margin-left:0;width:100%}.lightbox-container .lightbox.favorites-mgmt iframe{width:100%}}.search_results__header{border-bottom:1px dotted #dcdddf!important;font-size:13px!important;font-weight:700!important;line-height:16px!important;padding:5px 5px 5px 8px!important;margin:0 12px!important}.search_results__suggestions .search_results__item{font-size:12px!important}.search_results__details {font-weight: 600 !important;line-height: 1.2 !important;}#global-search footer{padding:0 !important;}
</style>
<style type=""text/css"">
  html{
    background: none !important;
  }
  #global-viewport #global-nav .more-espn ul.featured {
    margin: 0 !important;
    padding: 0 15px !important;
    width: 100% !important;
    background: transparent !important;
    display: block;
  }
  #ciHomeLeaderboard{
    margin-top:10px;
  }
  </style>
<script src=""http://a.espncdn.com/redesign/0.425.7/js/espn-head.js""></script>
<div class=""espncricinfo transitional-header legacy-pages"" data-behavior=""global_nav_condensed global_nav_full"" id=""global-viewport"">
<nav data-loadtype=""client"" id=""global-nav-mobile""></nav>
<div class=""menu-overlay-primary""></div>
<div class=""hidden-print"" data-behavior=""global_header"" id=""header-wrapper"">
<header class=""espncricinfo-en user-account-management has-search"" id=""global-header"">
<div class=""menu-overlay-secondary""></div>
<div class=""container"">
<a data-route=""false"" href=""#"" id=""global-nav-mobile-trigger""><span>Menu</span></a><h1><a href=""/"" name=""&amp;lpos=sitenavdefault&amp;lid=sitenav_main-logo"">ESPN</a></h1>
<ul class=""tools"">
<li class=""search"">
<a class=""icon-font-after icon-search-solid-after"" href=""#"" id=""global-search-trigger""></a>
<div class=""global-search"" id=""global-search"">
<input class=""search-box"" placeholder=""Search Sports, Teams or Players..."" type=""text""/><input class=""btn-search"" type=""submit""/>
</div>
</li>
<li class=""user"" data-behavior=""favorites_mgmt""></li>
<li>
<a data-route=""false"" href=""#"" id=""global-scoreboard-trigger"">Scores</a>
<div class=""hidden scores-link-alert scores-link-alert alert alert_button--close icon-font-after icon-close-solid-after"" data-behavior=""scores_link_alert"">All cricket scores, fixtures and results here.</div></li>
</ul>
</div>
<nav data-loadtype=""server"" id=""global-nav"">
<ul itemscope="""">
</ul>
</nav>
<nav data-loadtype=""server"" id=""global-nav-secondary"">
<div class=""global-nav-container"">
</div>
</nav>
</header>
</div>
</div>
<!--  <div id=""ciHomeMastContainer"">


 </div> -->
<div class=""subnav-wrap sub-nav"">
<div class=""row"">
<div class=""large-20 sub-nav-wrap"" id=""sub-nav-wrap"">
<div class=""icc-home"">
<a href=""/ci/content/ground/index.html"">
Grounds / Australia
				</a>
</div>
<ul class=""subnav_tier1 subnav-item-wrap"" data-role=""none"" id=""subnav_tier1"">
<li><a href=""/ci/content/ground/index.html?country=2"" name=""&amp;lpos=quicklink_Australia"">Australia</a>
</li>
<li><a href=""/ci/content/ground/index.html?country=25"" name=""&amp;lpos=quicklink_Bangladesh"">Bangladesh</a>
</li>
<li><a href=""/ci/content/ground/index.html?country=1"" name=""&amp;lpos=quicklink_England"">England</a>
</li>
<li><a href=""/ci/content/ground/index.html?country=6"" name=""&amp;lpos=quicklink_India"">India</a>
</li>
<li><a href=""/ci/content/ground/index.html?country=5"" name=""&amp;lpos=quicklink_New Zealand"">New Zealand</a>
</li>
<li><a href=""/ci/content/ground/index.html?country=7"" name=""&amp;lpos=quicklink_Pakistan"">Pakistan</a>
</li>
<li><a href=""/ci/content/ground/index.html?country=3"" name=""&amp;lpos=quicklink_South Africa"">South Africa</a>
</li>
<li><a href=""/ci/content/ground/index.html?country=8"" name=""&amp;lpos=quicklink_Sri Lanka"">Sri Lanka</a>
</li>
<li><a href=""/ci/content/ground/index.html?country=4"" name=""&amp;lpos=quicklink_West Indies"">West Indies</a>
</li>
<li><a href=""/ci/content/ground/index.html?country=9"" name=""&amp;lpos=quicklink_Zimbabwe"">Zimbabwe</a>
</li>
</ul>
</div>
</div>
</div>
<div id=""ciHomeLeaderboard"">
<div align=""center"" class=""bnrHldr"" style=""margin-bottom:8px;"">
<div class=""espni-ad-slot ad-banner"" data-kvpos=""top"" data-slot-type=""banner""></div>
</div>
</div>
<div id=""ciHomeContent"">
<div id=""ciMainContainer"">
<div id=""ciHomeContentlhs"">
<div align=""center"" class=""seriesSpncr"" style=""margin-bottom: 10px;height:auto; padding:0;text-align: center;"">
</div>
<!-- START 650 AREA -->
<div class=""pnl650T""></div>
<div id=""gdLeft"" style=""_padding:0px 8px;"">
<a id=""Top"" name=""Top""> </a>
<div id=""head"">
<h1>
  Melbourne Cricket Ground
  <a alt=""Melbourne Cricket Ground RSS Feed"" href=""/rss/content/story/feeds/56441.rss"" id=""rssIcon"" style=""padding: 6px 0pt 12px 0px;"" title=""Melbourne Cricket Ground RSS Feed"">       </a>
</h1>
<p class=""loc"">
Jolimont, <br/>Melbourne, Victoria </p>
<address>Yarra Park,
Jolimont, VIC, 3002
(Phone: +61 3 9657 8867)</address>
</div>
<div id=""stats"" style=""padding-bottom:0px;"">
<label>Also or formerly known as </label>MCG<br/><label>Established </label>1853<br/><label>Capacity </label>90,000<br/><label>Playing area </label>172.9m long, 147.8m wide<br/><label>Floodlights </label>Since March 1985<br/><label>End names </label>Members End, Great Southern Stand End<br/><label>Home teams </label>Australia, Victoria<br/><label>Other sports </label>Australian Rules Football, Soccer, Rugby Union, Rugby League, Lawn Bowls, Squash<br/><label>Curator </label>David Sandurski<br/><label>Current local time </label>18:25, Wed May 08, 2019 (UTC +1000)<br/>
</div>
<div id=""photo"" style=""margin-bottom:0px;"">
<img alt=""Melbourne Cricket Ground"" src=""/inline/content/image/335266.html?alt=2"" style=""display:block;margin:auto""/>
<!--<img src=""http://i.imgci.com/espncricinfo/ci_img_gnd_lords.jpg"" alt=""Melbourne Cricket Ground""/>-->
</div>
<div style=""clear:both; height:0px;""> </div>
<div id=""midnav"">
<div style=""margin-left: 190px;"">
<div class=""midnavL""></div>
<div class=""midnavC""><a href=""#Profile"">Profile</a> | <a href=""#Fixtures"">Fixtures</a> | <a href=""#Articles"">Latest Articles</a> | <a href=""#Photos"">Latest Photos</a></div>
<div class=""midnavL midnavR""></div>
</div>
</div>
<script language=""javascript"" type=""text/javascript"">
document.getElementById('ground_name').innerHTML = ""<a href=/ci/content/ground/56441.html>Melbourne Cricket Ground</a>"";
</script>
<div id=""recs"">
<h2>Records and statistics</h2>
<table style=""padding-top:5px;"" width=""620"">
<tr>
<td style=""width:15%"" valign=""top""><label>First Test</label></td>
<td style=""width:50%;"">Australia v England - Mar 15-19, 1877</td>
<td style=""width:35%;"" valign=""top"">
<a href=""/ci/engine/match/62396.html"">Scorecard</a>
</td>
</tr>
<tr>
<td style=""width:15%"" valign=""top""><label>Last Test</label></td>
<td style=""width:50%;"">Australia v India - Dec 26-30, 2018</td>
<td style=""width:35%;"" valign=""top"">
<a href=""/ci/engine/match/1144995.html"">Scorecard</a>
</td>
</tr>
<tr class=""islast1"">
<td colspan=""3"" style=""padding-top:5px;padding-bottom:5px"">
<b><a href=""/ci/engine/records/index.html?class=1;id=61;type=ground"">Test records</a></b> | <a href=""/ci/engine/records/team/match_results.html?class=1;id=61;type=ground"">Results</a> | <a href=""/ci/engine/records/team/highest_innings_totals.html?class=1;id=61;type=ground"">High totals</a> | <a href=""/ci/engine/records/batting/most_runs_innings.html?class=1;id=61;type=ground"">High scores</a> | <a href=""/ci/engine/records/batting/most_runs_career.html?class=1;id=61;type=ground"">Most runs</a> | <a href=""/ci/engine/records/bowling/best_figures_innings.html?class=1;id=61;type=ground"">Best bowling</a> | <a href=""/ci/engine/records/bowling/most_wickets_career.html?class=1;id=61;type=ground"">Most wickets</a> | <a href=""/ci/engine/records/fow/highest_partnerships_by_wicket.html?class=1;id=61;type=ground"">Partnerships</a> | <b><a href=""/ci/engine/ground/56441.html?class=1;type=aggregate"">Statsguru</a></b>
</td>
</tr>
<tr>
<td class=""islast0"" style=""width:15%"" valign=""top""><label>First ODI</label></td>
<td class=""islast0"" style=""width:50%;"">Australia v England - Jan 5, 1971</td>
<td class=""islast0"" style=""width:35%;"" valign=""top"">
<a href=""/ci/engine/match/64148.html"">Scorecard</a>
</td>
</tr>
<tr>
<td style=""width:15%"" valign=""top""><label>Last ODI</label></td>
<td style=""width:50%;"">Australia v India - Jan 18, 2019</td>
<td style=""width:35%;"" valign=""top"">
<a href=""/ci/engine/match/1144999.html"">Scorecard</a>
</td>
</tr>
<tr class=""islast1"">
<td colspan=""3"" style=""padding-top:5px;padding-bottom:5px"">
<b><a href=""/ci/engine/records/index.html?class=2;id=61;type=ground"">ODI records</a></b> | <a href=""/ci/engine/records/team/match_results.html?class=2;id=61;type=ground"">Results</a> | <a href=""/ci/engine/records/team/highest_innings_totals.html?class=2;id=61;type=ground"">High totals</a> | <a href=""/ci/engine/records/batting/most_runs_innings.html?class=2;id=61;type=ground"">High scores</a> | <a href=""/ci/engine/records/batting/most_runs_career.html?class=2;id=61;type=ground"">Most runs</a> | <a href=""/ci/engine/records/bowling/best_figures_innings.html?class=2;id=61;type=ground"">Best bowling</a> | <a href=""/ci/engine/records/bowling/most_wickets_career.html?class=2;id=61;type=ground"">Most wickets</a> | <a href=""/ci/engine/records/fow/highest_partnerships_by_wicket.html?class=2;id=61;type=ground"">Partnerships</a> | <b><a href=""/ci/engine/ground/56441.html?class=2;type=aggregate"">Statsguru</a></b>
</td>
</tr>
<tr>
<td class=""islast0"" style=""width:15%"" valign=""top""><label>First T20I</label></td>
<td class=""islast0"" style=""width:50%;"">Australia v India - Feb 1, 2008</td>
<td class=""islast0"" style=""width:35%;"" valign=""top"">
<a href=""/ci/engine/match/291356.html"">Scorecard</a>
</td>
</tr>
<tr>
<td style=""width:15%"" valign=""top""><label>Last T20I</label></td>
<td style=""width:50%;"">Australia v India - Nov 23, 2018</td>
<td style=""width:35%;"" valign=""top"">
<a href=""/ci/engine/match/1144991.html"">Scorecard</a>
</td>
</tr>
<tr class=""islast1"">
<td colspan=""3"" style=""padding-top:5px;padding-bottom:5px"">
<b><a href=""/ci/engine/records/index.html?class=3;id=61;type=ground"">T20I records</a></b> | <a href=""/ci/engine/records/team/match_results.html?class=3;id=61;type=ground"">Results</a> | <a href=""/ci/engine/records/team/highest_innings_totals.html?class=3;id=61;type=ground"">High totals</a> | <a href=""/ci/engine/records/batting/most_runs_innings.html?class=3;id=61;type=ground"">High scores</a> | <a href=""/ci/engine/records/batting/most_runs_career.html?class=3;id=61;type=ground"">Most runs</a> | <a href=""/ci/engine/records/bowling/best_figures_innings.html?class=3;id=61;type=ground"">Best bowling</a> | <a href=""/ci/engine/records/bowling/most_wickets_career.html?class=3;id=61;type=ground"">Most wickets</a> | <a href=""/ci/engine/records/fow/highest_partnerships_by_wicket.html?class=3;id=61;type=ground"">Partnerships</a> | <b><a href=""/ci/engine/ground/56441.html?class=3;type=aggregate"">Statsguru</a></b>
</td>
</tr>
<tr>
<td colspan=""3"" style=""padding-top:5px;padding-bottom:15px"">
<b><a href=""/ci/engine/records/index.html?id=61;type=ground"">Records index</a></b>
</td>
</tr>
</table>
</div>
<a name=""Profile""></a><div id=""profile""><h2>Profile</h2><p class=""grndProfileCopy"">
The Melbourne Cricket Ground is regarded as Australia's premier sporting
venue.  For over one hundred years, it has played host to many of the
country's biggest cricket and Australian Rules Football matches, and many
other significant sporting contests besides.  It was, in fact, even the
centrepiece of the Olympic Games of 1956.  The 'G (as it is affectionately
known by the people of Melbourne) is located a short distance to the east
of the city's CBD and is easily accessible by both public transport and by
foot; it is common, for example, for business people to walk to the arena
after work to watch the second session of day-night cricket internationals.
Prior to a series of developments in the 1980s and 1990s, it possessed a
capacity of around 125,000; since that time, the extension of individual
seating to virtually all of its reaches has reduced that figure to
somewhere closer to 97,000.  In short, it is an imposing stadium: the
three-tiered Great Southern Stand (completed in 1992) bounds the perimeter
of one half of the ground and holds close to 50,000 people; there are also
vast banks of seating in the Ponsford Stand, Olympic Stand and Members'
Reserve.  It is also replete with a Gallery of Sport, two giant electronic
scoreboards, and a vast array of corporate and media facilities.
</p><p>
Notwithstanding the fact that various curators drew fire from players and
spectators alike for producing a succession of wearing, low bouncing
surfaces through the 1980s and early 1990s, pitches at the MCG have, for
most of its history, generally facilitated well balanced contests between
bat and ball.  No better has this been exemplified than in famous matches
in its recent past such as the 1982-83 Test between Australia and England;
the thrilling Australia-New Zealand decider in 1987-88; and the 1992 World
Cup Final between Pakistan and England.
<br/><b>Cricinfo staff</b>
</p></div>
<div id=""fixtures"" style=""margin-top:18px;"">
<a name=""Fixtures""></a>
<h2 style=""margin-bottom:10px;"">Fixtures</h2>
<table border=""0"" cellpadding=""0"" cellspacing=""0"" width=""630px"">
<tr class=""FixHd"">
<td colspan=""4"">2019</td>
</tr>
<tr class=""FixOdi"">
<td>
<b>Fri Nov 1</b>
      (20 ovs)
      <span alt=""Day and Night"" id=""ciDN"" title=""Day and Night"">         </span>
<br/>
<span class=""fixGMTTxt"">
       19:10 local | 08:10 GMT
      </span>
<br/>
<span style=""font-size:9px;color:#444"">04:10 EDT | 03:10 CDT | 01:10 PDT</span>
</td>
<td>
3rd T20I - <b>Australia v Sri Lanka</b> </td>
<td align=""right"">
<span alt=""Live"" id=""ciLveMatch"" style=""margin: 0 10px;"" title=""Live"">
</span></td>
</tr>
<tr class=""FixOdi"">
<td>
<b>Thu Dec 26 - Mon Dec 30</b>
<br/>
<span class=""fixGMTTxt"">
       11:00 local | 00:00 GMT
      </span>
<br/>
<span style=""font-size:9px;color:#444"">19:00 EST | 18:00 CST | 16:00 PST</span>
</td>
<td>
2nd Test - <b>Australia v New Zealand</b> </td>
<td align=""right"">
<span alt=""Live"" id=""ciLveMatch"" style=""margin: 0 10px;"" title=""Live"">
</span></td>
</tr>
<tr class=""FixHd"">
<td colspan=""4"">2020</td>
</tr>
<tr class=""FixOtr"">
<td>
<b>Sun Mar 8</b>
      (20 ovs)
      <span alt=""Day and Night"" id=""ciDN"" title=""Day and Night"">         </span>
<br/>
<span class=""fixGMTTxt"">
       19:00 local | 08:00 GMT
      </span>
<br/>
<span style=""font-size:9px;color:#444"">04:00 EDT | 03:00 CDT | 00:00 PST</span>
</td>
<td>
ICC Women's T20 World Cup<br/>Final - <b>TBC v TBC</b> </td>
<td align=""right"">
<span alt=""Live"" id=""ciLveMatch"" style=""margin: 0 10px;"" title=""Live"">
</span></td>
</tr>
<tr class=""FixOdi"">
<td>
<b>Sun Oct 25</b>
      (20 ovs)
      <span alt=""Day and Night"" id=""ciDN"" title=""Day and Night"">         </span>
<br/>
<span class=""fixGMTTxt"">
       19:00 local | 08:00 GMT
      </span>
<br/>
<span style=""font-size:9px;color:#444"">04:00 EDT | 03:00 CDT | 01:00 PDT</span>
</td>
<td>
ICC Men's T20 World Cup<br/>16th Match, Super 12 Group 1 - <b>New Zealand v West Indies</b> </td>
<td align=""right"">
<span alt=""Live"" id=""ciLveMatch"" style=""margin: 0 10px;"" title=""Live"">
</span></td>
</tr>
<tr class=""FixOdi"">
<td>
<b>Thu Oct 29</b>
      (20 ovs)
      <span alt=""Day and Night"" id=""ciDN"" title=""Day and Night"">         </span>
<br/>
<span class=""fixGMTTxt"">
       19:00 local | 08:00 GMT
      </span>
<br/>
<span style=""font-size:9px;color:#444"">04:00 EDT | 03:00 CDT | 01:00 PDT</span>
</td>
<td>
ICC Men's T20 World Cup<br/>23rd Match, Super 12 Group 2 - <b>India v TBC</b> </td>
<td align=""right"">
<span alt=""Live"" id=""ciLveMatch"" style=""margin: 0 10px;"" title=""Live"">
</span></td>
</tr>
<tr class=""FixOdi"">
<td>
<b>Sun Nov 1</b>
      (20 ovs)
      <span alt=""Day and Night"" id=""ciDN"" title=""Day and Night"">         </span>
<br/>
<span class=""fixGMTTxt"">
       19:00 local | 08:00 GMT
      </span>
<br/>
<span style=""font-size:9px;color:#444"">03:00 EST | 02:00 CST | 01:00 PDT</span>
</td>
<td>
ICC Men's T20 World Cup<br/>29th Match, Super 12 Group 2 - <b>England v India</b> </td>
<td align=""right"">
<span alt=""Live"" id=""ciLveMatch"" style=""margin: 0 10px;"" title=""Live"">
</span></td>
</tr>
<tr class=""FixOdi"">
<td>
<b>Fri Nov 6</b>
      (20 ovs)
      <br/>
<span class=""fixGMTTxt"">
       14:00 local | 03:00 GMT
      </span>
<br/>
<span style=""font-size:9px;color:#444"">22:00 EST | 21:00 CST | 19:00 PST</span>
</td>
<td>
ICC Men's T20 World Cup<br/>37th Match, Super 12 Group 1 - <b>Pakistan v TBC</b> </td>
<td align=""right"">
<span alt=""Live"" id=""ciLveMatch"" style=""margin: 0 10px;"" title=""Live"">
</span></td>
</tr>
<tr class=""FixOdi"">
<td>
<b>Fri Nov 6</b>
      (20 ovs)
      <span alt=""Day and Night"" id=""ciDN"" title=""Day and Night"">         </span>
<br/>
<span class=""fixGMTTxt"">
       19:00 local | 08:00 GMT
      </span>
<br/>
<span style=""font-size:9px;color:#444"">03:00 EST | 02:00 CST | 00:00 PST</span>
</td>
<td>
ICC Men's T20 World Cup<br/>38th Match, Super 12 Group 1 - <b>Australia v New Zealand</b> </td>
<td align=""right"">
<span alt=""Live"" id=""ciLveMatch"" style=""margin: 0 10px;"" title=""Live"">
</span></td>
</tr>
<tr class=""FixOdi"">
<td>
<b>Sat Nov 7</b>
      (20 ovs)
      <span alt=""Day and Night"" id=""ciDN"" title=""Day and Night"">         </span>
<br/>
<span class=""fixGMTTxt"">
       19:00 local | 08:00 GMT
      </span>
<br/>
<span style=""font-size:9px;color:#444"">03:00 EST | 02:00 CST | 00:00 PST</span>
</td>
<td>
ICC Men's T20 World Cup<br/>40th Match, Super 12 Group 1 - <b>West Indies v TBC</b> </td>
<td align=""right"">
<span alt=""Live"" id=""ciLveMatch"" style=""margin: 0 10px;"" title=""Live"">
</span></td>
</tr>
<tr class=""FixOdi"">
<td>
<b>Sun Nov 15</b>
      (20 ovs)
      <span alt=""Day and Night"" id=""ciDN"" title=""Day and Night"">         </span>
<br/>
<span class=""fixGMTTxt"">
       19:00 local | 08:00 GMT
      </span>
<br/>
<span style=""font-size:9px;color:#444"">03:00 EST | 02:00 CST | 00:00 PST</span>
</td>
<td>
ICC Men's T20 World Cup<br/>Final - <b>TBC v TBC</b> </td>
<td align=""right"">
<span alt=""Live"" id=""ciLveMatch"" style=""margin: 0 10px;"" title=""Live"">
</span></td>
</tr>
<tr class=""FixOtr"">
<td colspan=""3"">
<img align=""absmiddle"" alt=""Day and Night"" height=""11"" src=""http://i.imgci.com/espncricinfo/ci_day_night.gif"" title=""Day and Night"" width=""27""/> - Day and Night
      <img align=""absmiddle"" alt=""International Matches"" height=""11"" src=""http://i.imgci.com/espncricinfo/ci_int_matches.gif"" style=""padding-left:20px;"" title=""International Matches"" width=""27""/> - International Matches
      <img align=""absmiddle"" alt=""Live"" height=""11"" src=""http://i.imgci.com/espncricinfo/ci_liveimg.gif"" style=""padding-left:20px;"" title=""Live"" width=""26""/> - Covered by Cricinfo
     </td>
</tr>
<tr class=""FixOtr"">
<td colspan=""3"">
<img height=""6"" src=""http://i.imgci.com/espncricinfo/ci_weather_rightarrow.gif"" style=""padding-right:9px; "" width=""3""/> No responsibility is taken by Cricinfo for the accuracy of this information.
     </td>
</tr>
</table>
</div>
<div id=""stories"" style=""margin-top:18px;"">
<a name=""Articles""></a>
<h2 style=""margin-top:0px;padding-top:0px;"">Latest Articles</h2>
<ul>
<li>
<a href=""/ci/content/story/1170398.html"" style=""_padding-left:20px;"">MCG Boxing Day Test pitch rated 'average' by ICC</a>
   (Jan 1, 2019)
  </li>
<li>
<a href=""/ci/content/story/1170127.html"" style=""_padding-left:20px;"">MCG spectators evicted over racist taunts</a>
   (Dec 28, 2018)
  </li>
<li>
<a href=""/ci/content/story/1169758.html"" style=""_padding-left:20px;"">Inside the MCG's pitch reboot</a>
   (Dec 25, 2018)
  </li>
<li>
<a href=""/ci/content/story/1169679.html"" style=""_padding-left:20px;"">Don't judge MCG pitch by its grass cover - Marcus Harris</a>
   (Dec 23, 2018)
  </li>
<li class=""nobg"">
<a href=""/ci/content/story/1169222.html"" style=""_padding-left:20px;"">MCG drop-in pitch to be upgraded to Perth standard</a>
   (Dec 18, 2018)
  </li>
</ul>
<a href=""/ci/content/story/index.html?object=56441"">View the full index of related articles »</a>
</div>
<div id=""photos"" style=""margin-top:18px;"">
<a name=""Photos""></a>
<h2 style=""margin-top:0px; padding-top:0px;"">Latest Photos</h2>
<div style=""height:10px""></div>
<span class=""photo"" style=""margin:0px 5px 0px 0px;"">
<label>Dec 26, 2018</label>
<a href=""/ci/content/image/1170126.html?object=56441"">
<img alt=""A view of the MCG on Boxing Day, Australia v India, 3rd Test, Melbourne, 1st day, December 26, 2018"" border=""0"" class=""pic"" height=""86"" src=""http://p.imgci.com/db/PICTURES/CMS/283800/283875.icon.jpg"" title=""A view of the MCG on Boxing Day, Australia v India, 3rd Test, Melbourne, 1st day, December 26, 2018"" width=""130""/>
</a>
<div class=""desc"">
   A view of the MCG on Boxing Day<br/>
<span class=""sml"">© CA/Cricket Australia/Getty Images</span>
</div>
</span>
<span class=""photo"" style=""margin:0px 5px 0px 0px;"">
<label>Dec 26, 2018</label>
<a href=""/ci/content/image/1170124.html?object=56441"">
<img alt=""A view of the crowd at the MCG, Australia v India, 3rd Test, Melbourne, 1st day, December 26, 2018"" border=""0"" class=""pic"" height=""82"" src=""http://p.imgci.com/db/PICTURES/CMS/283800/283873.icon.jpg"" title=""A view of the crowd at the MCG, Australia v India, 3rd Test, Melbourne, 1st day, December 26, 2018"" width=""130""/>
</a>
<div class=""desc"">
   A view of the crowd at the MCG<br/>
<span class=""sml"">© CA/Cricket Australia/Getty Images</span>
</div>
</span>
<span class=""photo"" style=""margin:0px 5px 0px 0px;"">
<label>Dec 25, 2018</label>
<a href=""/ci/content/image/1169761.html?object=56441"">
<img alt=""The MCG curator Matt Page works on the pitch during an Australia training session, Melbourne, December 25, 2018"" border=""0"" class=""pic"" height=""85"" src=""http://p.imgci.com/db/PICTURES/CMS/283700/283727.icon.jpg"" title=""The MCG curator Matt Page works on the pitch during an Australia training session, Melbourne, December 25, 2018"" width=""130""/>
</a>
<div class=""desc"">
   The MCG curator Matt Page works on the pitch during an Australia training session<br/>
<span class=""sml"">© Getty Images</span>
</div>
</span>
<span class=""photo"" style=""margin:0px 5px 0px 0px;"">
<label>Dec 2018</label>
<a href=""/ci/content/image/1171045.html?object=56441"">
<img alt=""A view of play from a urinal in the members' section of the MCG, December 2018"" border=""0"" class=""pic"" height=""97"" src=""http://p.imgci.com/db/PICTURES/CMS/284200/284261.icon.jpg"" title=""A view of play from a urinal in the members' section of the MCG, December 2018"" width=""130""/>
</a>
<div class=""desc"">
<br/>
<span class=""sml"">© ESPNcricinfo Ltd</span>
</div>
</span>
<div style=""clear:both;width:100%;float:none;height:10px;background:none;""> </div>
<a class=""ciSectionFooter"" href=""/ci/content/image/index.html?object=56441"">View the full index of related photos »</a>
</div>
</div>
<div class=""pnl650B""></div>
<script language=""javascript"">
	var omniPageName = ""Melbourne Cricket Ground"";
	var omniSiteSection1 = ""grounds"";
	var omniSiteSection2 = ""Australia"";

	var omniCt = ""grounds"";	
	var omniMVO = ""groundid=56441"";
</script>
<!-- END 650 AREA -->
</div>
<div id=""ciHomeContentrhs"">
<div align=""center"" class=""rhs310"" style=""height: auto; margin-bottom: 10px; padding: 0; text-align: center;"">
<style>.rhs310 img{padding-top:0; padding-bottom: 10px;}#cdtimer div.counter {width: 16% !important;}#strip-cdc-300{width:298px !important;margin: 0 auto;}#cdtimer .counter .number{font-weight: bold;}</style>
<div class=""espni-ad-slot"" data-kvpos="""" data-slot-type=""incontentstrip""></div>
</div>
<div class=""pnl320T""></div>
<div class=""pnl320M"">
<div class=""espni-ad-slot ad-incontent"" data-kvpos=""top"" data-slot-type=""incontent""></div>
</div>
<div class=""pnl320B""></div>
<div class=""pnl320M"">
<!-- Cricket on Twitter start -->
<section class=""reader_rec hide-for-mob hide-landscape hide-portrait"" style=""border-top: 8px solid #dddddd;margin-bottom: 10px;"">
<a class=""twitter-timeline"" height=""893"" href=""https://twitter.com/ESPNcricinfo/timelines/585813293161406464?ref_src=twsrc%5Etfw"">Readers recommend - Curated tweets by ESPNcricinfo</a> <script async="""" charset=""utf-8"" src=""https://platform.twitter.com/widgets.js""></script>
</section>
<!-- Cricket on Twitter end -->
</div>
<div class=""pnl320B""></div>
<div class=""pnl320T""></div>
<div class=""pnl320M"">
<div id=""ciHomeRHSAdslot"" style=""height: 100px;"">
<div class=""espni-ad-slot ad-panel"" data-kvpos="""" data-slot-type=""panel""></div>
</div>
</div>
<div class=""pnl320B""></div>
<div class=""pnl320T""></div>
<div class=""pnl320M"">
<div class=""espni-ad-slot ad-incontent"" data-kvpos=""bottom"" data-slot-type=""incontent""></div>
</div>
<div class=""pnl320B""></div>
</div>
<div style=""clear:both""><!-- --></div>
</div>
<script type=""text/javascript"">
	var endpoint = ""submit.espncricinfo.com"";
	var server = ""www.espncricinfo.com"";
</script>
<script src=""/navigation/cricinfo/ci/assets/js/src/DisneyOneID.old.min.js?v=1468479867""></script>
<div style=""clear: both;""></div>
<div id=""footer2Container"">
<div class=""footercurveleft""></div>
<div class=""footerContentHolder"">
<div id=""cifooternav"">
<ul>
<li>
<a class=""maintabs"" href=""http://www.espncricinfo.com/ci/content/page/866033.html"">Sitemap</a><span class=""maintabseperator"">|</span>
<a class=""maintabs"" href=""/ci/content/submit/forms/feedback.html"">Feedback</a><span class=""maintabseperator"">|</span>
<a class=""maintabs"" href=""/ci/content/rss/feeds_rss_cricket.html"">RSS</a><span class=""maintabseperator"">|</span>
<!--<a href=""/ci/content/page/156050.html"" class=""maintabs"">Contact us</a><span class=""maintabseperator"">|</span>-->
<a class=""maintabs"" href=""/ci/content/page/156066.html"">About Us</a><span class=""maintabseperator"">|</span>
<a class=""maintabs"" href=""http://disneyprivacycenter.com/"" target=""_blank"">Privacy Policy</a><span class=""maintabseperator"">|</span>
<a class=""maintabs"" href=""http://disneytermsofuse.com/"" target=""_blank"">Terms of Use</a>
</li>
</ul>
<ul>
<li>
<a class=""maintabs"" href=""http://preferences-mgr.truste.com/?pid=disney01&amp;aid=espnemea01&amp;type=espnemea"" target=""_blank"">Interest Based Ads</a>
<span class=""maintabseperator"">|</span>
<a class=""maintabs"" href=""https://disneyprivacycenter.com/notice-to-california-residents/"" target=""_blank"">Your California Privacy Rights</a>
<span class=""maintabseperator"">|</span>
<a class=""maintabs"" href=""https://disneyprivacycenter.com/kids-privacy-policy/english/"" target=""_blank"">Children’s Online Privacy Policy</a>
<span class=""maintabseperator"">|</span>
<a class=""maintabs"" href=""http://www.nielsen.com/digitalprivacy"" target=""_blank"">About Nielsen Measurement</a>
</li>
</ul>
</div>
<div id=""ciHomefooterlogos"">
<ul>
<li class=""ciespnlogoft""><a href=""http://espn.co.uk/"" target=""_blank"" title=""ESPN"">ESPN</a></li>
<li class=""ciseplogoft""></li>
<li class=""cif1logoft""><a href=""http://www.espnf1.com/"" target=""_blank"" title=""ESPNF1"">ESPNF1</a></li>
<li class=""ciseplogoft""></li>
<li class=""ciscrumlogoft""><a href=""http://www.espnscrum.com"" target=""_blank"" title=""ESPN Scrum"">Espn Scrum</a></li>
<li class=""ciseplogoft""></li>
<li class=""cisoccernetlogoft""><a href=""http://soccernet.espn.go.com"" target=""_blank"" title=""Espnfc"">Espnfc</a></li>
<li class=""ciseplogoft""></li>
<li class=""footytips""><a href=""http://footytips.com.au"" target=""_blank"" title=""Footytips"">Footytips</a></li>
<li class=""ciseplogoft""></li>
</ul>
<div class=""copyright"">
    © ESPN Sports Media Ltd.
    </div>
</div>
</div>
<div class=""footercurveright""></div>
</div>
<style>
#footer2Container .copyright {
  width: 130px;
  height:30px;
	font-weight: normal;
	font-size: 11px;
	color: #222222;
	margin: auto;
	padding-top:0px;
	padding-left:3px;
	float:right;
}
#footer2Container #cifooternav ul {
	float:left;
	margin:0px;
	padding: 0px;
	list-style-type: none;
	width:620px;
  height: auto;
  padding-bottom: 10px;
}
#footer2Container #cifooternav ul li a:hover{
  font-size: 12px;
  text-decoration: none;
}
#footer2Container #ciHomefooterlogos ul {
	margin:0px;
	padding: 0 0 0 0;
	list-style-type: none;
    height: 25px;
}
 </style>
</div>
<!-- Main page Holder ends-->
<script src=""/navigation/cricinfo/ci/assets/js/plugins/jquery.cookie-1.4.1.js""></script>
<style type=""text/css"">
  .cookie-overlay{display: none;background-color:rgba(0,0,0,.75);bottom:0;position:fixed;width:100%;padding:25px 0;text-align:center;z-index:9999;font:16px -apple-system,BlinkMacSystemFont,""Segoe UI"",Roboto,Oxygen,Ubuntu,Cantarell,""Fira Sans"",""Droid Sans"",""Helvetica Neue"",sans-serif}.cookie-overlay h1{font-size:18px;font-weight:600;text-transform:uppercase;margin:0 auto;color:#fff}.cookie-overlay p.message{width:34%;margin:0 auto;padding:5px 0 10px;color:#fff;font-size:14px;line-height:24px}.cookie-overlay p.message a{color:#fff}.cookie-overlay p.message a:hover{color:#439ec9;text-decoration:underline}.cookie-overlay .cookie-continue{display:block;font-size:11px;margin:auto auto 12px;width:384px;max-width:384px;min-width:120px;background-color:#06c;color:#fff;cursor:pointer;border:0;border-radius:40px;line-height:26px;-webkit-transition-duration:.25s;transition-duration:.25s;-webkit-transition-property:all;-moz-transition-property:all;-ms-transition-property:all;-o-transition-property:all;transition-property:all}.cookie-overlay .cookie-continue:hover{background-color:#007aff}.cookie-overlay-buttonWrapper{margin:0 auto;max-width:384px}.cookie-overlay-altBtns .button-alt{border-color:#cbccce;color:#fff;text-transform:none;width:calc(50% - 4px);font-size:11px;height:28px;line-height:26px;padding:0 12px;-webkit-transition-duration:.25s;transition-duration:.25s;-webkit-transition-property:all;-moz-transition-property:all;-ms-transition-property:all;-o-transition-property:all;transition-property:all}.cookie-overlay .cookie-overlay-buttonWrapper .cookie-overlay-altBtns .button-alt:hover{background-color:#6c6d6f;border:1px solid #6c6d6f;color:#fff}@media screen and (min-width:0) and (max-width:768px){.cookie-overlay p.message{font-size:12px;width:82%}}
</style>
<div class=""cookie-overlay"">
<h1>ABOUT COOKIES</h1>
<p class=""message"">
        To help make this website better, to improve and personalize your experience and for advertising purposes, are you happy to accept cookies and other technologies.
      </p>
<div class=""cookie-overlay-buttonWrapper"">
<button class=""cookie-continue"">YES</button>
<div class=""cookie-overlay-altBtns"">
<a class=""button-alt sm"" href=""https://privacy.thewaltdisneycompany.com/en/current-privacy-policy/cookies-policy/"" target=""_blank"">More Info Here</a>
<a class=""button-alt sm"" href=""https://preferences-mgr.truste.com/?pid=disney01&amp;aid=espnemea01&amp;type=espnemea"" target=""_blank"">Cookie Choices</a>
</div>
</div>
</div>
<script type=""text/javascript"">  
    $(function(){
      /**
       * Should cookie message get displayed for this cluster?
       * @return {boolean} true if cookie message needs to be shown else false
      */
      var __country = $.cookie('country') || window.location_country || ''; 
      var __countryArr = ['at', 'ax', 'be', 'bg', 'hr', 'cy', 'cz', 'de', 'dk', 'ee', 'es', 'fi', 'fr', 'gb', 'gf', 'gi', 'gp', 'gr', 'hu', 'ie', 'is', 'it', 'li', 'lv', 'lt', 'lu', 'mq', 'mt', 'nl', 'no', 'pl', 'pt', 're', 'ro', 'se', 'sk', 'sl', 'uk', 'yt' ];
      var __showCookieMessage = true;
      var __editionKey = window.espn.i18n.editionKey ? window.espn.i18n.editionKey : ''; 
      var __editionDomain = window.espn_ui.Helpers.util.getCookieDomain();
      var __cookieName = __editionKey + ""-cookie-consent"";
      var __cookieConsent = $.cookie(__cookieName);

      // Show cookie message only for uk and other eu countries
      if(__country) {
        if( $.inArray( __country.toLowerCase() , __countryArr ) === -1) {
          __showCookieMessage = false;
        }
      }
    
      function __displayCookie(){
        // Check if jQuery is present on page else return
        if (typeof $ === 'undefined') {
          return
        }
    
        if((__cookieConsent == null || __cookieConsent !== 'true') && __showCookieMessage){
          $("".cookie-overlay"").show();
        }
    
        $("".cookie-continue"").on(""click"", function(){
            $("".cookie-overlay"").hide();
            if(!__cookieConsent){
              $.cookie(__cookieName, 'true', {path:'/', expires: 9999, domain: __editionDomain});
            }
        })
      }
      __displayCookie();
    });
  </script>
<script language=""JavaScript"" type=""text/javascript"">

	var s_account=""wdgespcricinfo"";	//(Excludes Wireless)

	//alert(window.location.hostname);
	//alert(s_account);
</script>
<script language=""JavaScript"" src=""http://a.espncdn.com/combiner/c?v=151&amp;js=analytics/VisitorAPI.js,analytics/sOmni.2.js&amp;minify=false"" type=""text/javascript""></script>
<script language=""JavaScript"" type=""text/javascript"">
<!--

//Clearing variable values for link tracking call
function clrLnkTrckVar(){	
	//Clear variables
	s_omni.pageName = """";
	s_omni.server = """";
	s_omni.prop1 = """";
	s_omni.prop3 = """";
	s_omni.eVar2 = """";
}

//Link tracking like Video Tab, Video headlines, audio downloads etc.
function lnkTrackVals(name){

	//alert(""Video Tab"");
	clrLnkTrckVar(); //Clear variables
	
	var lnkTrck = name;
	s_omni.prop3 = s_omni.eVar2 = lnkTrck;
	s_omni.t();
	//alert(lnkTrck);
	
}

/* You may give each page an identifying name, server, and channel on the next lines. */
s_omni.server = window.location.host; // Server from the Host
s_omni.prop1 = ""cricinfo"";

//s_omni.pageName = omniPageName.toLowerCase(); //Omniture Page Name(S)

if(typeof omniSiteSection2 != 'undefined' && typeof omniSiteSubSection3 != 'undefined'){
	s_omni.pageName = omniSiteSection1.toLowerCase() + "":"" + omniSiteSection2.toLowerCase() + "":"" + omniSiteSection3.toLowerCase() + "":"" + omniPageName.toLowerCase(); 	//Page name
}else if(typeof omniSiteSection2 != 'undefined'){
	s_omni.pageName = omniSiteSection1.toLowerCase() + "":"" + omniSiteSection2.toLowerCase() + "":"" + omniPageName.toLowerCase(); 												//Page name
}else{
	s_omni.pageName = omniSiteSection1.toLowerCase() + "":"" + omniPageName.toLowerCase(); 																									//Page name
}

var omniPath = location.pathname;
//alert(omniPath);
if(typeof omniSiteSection1 != 'undefined'){
	s_omni.channel = omniSiteSection1.toLowerCase();
}

//Error page variables
if(typeof omniPageType == 'undefined'){
	s_omni.pageType = """";
}
else{
	s_omni.pageType = ""errorPage"";
	s_omni.pageName = """";
	s_omni.server = """";
	s_omni.prop1 = """";	
}

if(typeof omniCt != 'undefined'){
	s_omni.prop4 = omniCt.toLowerCase();	//Content type
}

if(typeof omniSiteSection2 != 'undefined' && typeof omniSiteSubSection3 != 'undefined'){
	s_omni.prop5 = s_omni.channel + "":"" +  omniSiteSection2.toLowerCase() + "":""+  omniSiteSubSection3.toLowerCase();
}else if(typeof omniSiteSection2 != 'undefined'){
	s_omni.prop5 = s_omni.channel + "":"" +  omniSiteSection2.toLowerCase();
} else {
	s_omni.prop5 = omniSiteSection1.toLowerCase() + "":"" + omniPageName.toLowerCase();
}

if(typeof omniStoryId != 'undefined'){
	s_omni.prop15 = s_omni.eVar20 = omniStoryId; //Story Object id		
}
s_omni.prop16 = s_omni.eVar12 = cqanswer //Country where the page is viewed
s_omni.prop17 = s_omni.eVar9 = ""en"" // Language Code

if(typeof omniAuthId != 'undefined'){
	s_omni.prop23 = s_omni.eVar10 = omniAuthId; //Columnist id		
}

s_omni.prop25 = s_omni.eVar19 = ""cricket""; // Sport

//Prop29 for capturing the Registered users
var user_name = (typeof getCookie !== ""undefined"") && getCookie('un');
if (user_name != """");
{
	if (user_name == null || undefined)
	{
		s_omni.prop29 = ""anonymous"";
}
	else
	{
	s_omni.prop29 = ""Registered:Logged in Active"";
	}
}

//Prop32 for capturing Player and Grounds ID for the Most viewed objects
if(typeof omniMVO != 'undefined'){
	s_omni.prop32 = omniMVO; //Most viewed objects for Plyers and Grounds		
}

//Prop42 for capturing Hawkeye tabs
if(typeof omniHawk != 'undefined'){
	s_omni.prop33 = omniHawk; //capturing Hawkeye tabs	
}

s_omni.hier1 = s_omni.pageName;																	//Content Hierarchy
if(typeof omniSrhType != 'undefined'){
	s_omni.eVar11 = omniSrhType;
}
s_omni.eVar13 = s_omni.prop1 + "":"" + s_omni.pageName; 						//Page name

//s_omni.prop42 = omniHawk;

/************* DO NOT ALTER ANYTHING BELOW THIS LINE ! **************/
var s_code=s_omni.t();if(s_code)document.write(s_code)//-->

</script>
<!-- End SiteCatalyst code version: H.14. -->
<!-- Bluekai tracking -->
<script type=""text/javascript"">
	var omniSite  = ""cricinfo"";
	try{
		espn.track.bluekai();
	}
	catch(err){}
</script>
<!-- # Bluekai traking -->
<script src=""http://content.dl-rms.com/rms/mother/30883/nodetag.js"" type=""text/javascript""></script>
<!-- Begin comScore Tag -->
<script>
var p = document.location.protocol == ""https:"" ? ""https://sb"" : ""http://b"";
var coms_url = p + '.scorecardresearch.com/beacon.js';
$.getScript( coms_url, function( data, textStatus, jqxhr ) {
  if(jqxhr.status === 200){
    COMSCORE.beacon({
    c1:2,
    c2: ""3000005"",
    
    c5: ""03""
    
    });
  }
});
</script>
<noscript>
<img src=""http://b.scorecardresearch.com/p?c1=2&amp;c2=3000005&amp;c3=dictionary_value1&amp;c4=dictionary_value2&amp;c5=03&amp;c6=dictionary_value3&amp;c10=5-8&amp;cv=2.0&amp;cj=1""/>
</noscript>
<!-- End comScore Tag -->
<script type=""text/javascript"">
    var _sf_async_config={};
    /** CONFIGURATION START **/
    _sf_async_config.uid = 26455;
    _sf_async_config.domain = 'espncricinfo.com';
    _sf_async_config.useCanonical = true;
    _sf_async_config.authors  = 'ca';
    _sf_async_config.sections = 'Others';
    /** CONFIGURATION END **/
    (function(){
      function loadChartbeat() {
        window._sf_endpt=(new Date()).getTime();
        var e = document.createElement('script');
        e.setAttribute('language', 'javascript');
        e.setAttribute('type', 'text/javascript');
        e.setAttribute('src',
           (('https:' == document.location.protocol) ? 'https://a248.e.akamai.net/chartbeat.download.akamai.com/102508/' : 'http://static.chartbeat.com/') +
           'js/chartbeat.js');
        document.body.appendChild(e);
      }
      var oldonload = window.onload;
      window.onload = (typeof window.onload != 'function') ?
      loadChartbeat : function() { oldonload(); loadChartbeat(); };
    })();
</script>
<script src=""http://i.imgci.com/navigation/cricinfo/ci/assets/js/src/espncricinfo.gpt.1.0.0.min.js?v=1525762784""></script>
<script type=""text/javascript"">
  //clevertap jasvsript code added
   (function() {
       var wzrk = document.createElement('script');
        wzrk.type = 'text/javascript';
        wzrk.async = true;
        wzrk.src = 'https://d2r1yp2w7bby2u.cloudfront.net/js/a.js?v=0';
        var n = document.getElementsByTagName('script')[0];
        n.parentNode.insertBefore(wzrk, n);
    })();

    if(typeof clevertap !== 'undefined'){
      clevertap.profile.push({
          ""Site"": {
              ""OS"": window.espn_ui.device.OS,
              ""Browser"": window.espn_ui.device.browser
          }
      });
    }
    window.espn_ui = window.espn_ui || {};
    espn_ui.Helpers = espn_ui.Helpers || {};
    espn_ui.Helpers.nav = espn_ui.Helpers.nav || {};
    espn_ui.Helpers.nav.isNavExternal = true;
    /*
    if(window.location.hostname.indexOf('kilimanjaro')<0) {
    window.espn = window.espn || {};
    espn.i18n = espn.i18n || {};
    espn.i18n.domain = window.location.hostname;
    }
    */
    var espn = espn || {};
    espn.i18n = espn.i18n || {};
    if( espn.i18n.environment === ""qa"" ) {
        espn.i18n.environment = ""prod"";
    }
</script>
<script src=""http://a.espncdn.com/redesign/0.425.7/js/espncricinfo-critical.js""></script>
<script>
  
  (function(){
      var deferLoaded = false;
      function loadDefer(){
          if( !deferLoaded ){
              var deferScripts = ['http://a.espncdn.com/redesign/0.425.7/js/espn-defer-low.js'];
              for( var s = 0; s < deferScripts.length; s++ ){
                  var script = document.createElement('script');
                  script.src = deferScripts[s];
                  document.getElementsByTagName('head')[0].appendChild(script);
              }
              deferLoaded = true;
          }
      }
      if( window.espn.loadType === ""loadEnd"" && ( espn_ui.device.isMobile === true || espn_ui.device.isTablet === true ) ){
          $( window ).load(function() {
              setTimeout( loadDefer, 0 )
          });
          setTimeout( loadDefer, 5000 )
      }else{
          loadDefer();
      }
  })();
</script>
<script src=""http://a.espncdn.com/redesign/0.425.7/external/release/js/nav-external.js""></script>
<script>
    espn_ui.onefeed =true;
    espn_ui.externalRef = """"
    $(window).load(function() {
        $('#global-viewport img').each(function() {
            if (!this.complete || typeof this.naturalWidth == ""undefined"" || this.naturalWidth == 0) {
                $(this).parent().remove();
            }
        });
    });
</script>
<script>
    if($.cookie('scoresLinkAlertCookie') !== ""true""){
        $("".scores-link-alert"").removeClass(""hidden"");
    }

    $('#global-scoreboard-trigger').add('.scores-link-alert').on(""click"", function(){
        // Cookie expiry time set to 1 year
        $.cookie('scoresLinkAlertCookie', true, {expires: 365});
        $("".scores-link-alert"").remove();
    })
</script>
<!-- Sub nav width related js -->
<!-- Include isMobile script inline -->
<script>
/**
 * isMobile.js v0.3.6
 *
 * @author: Kai Mallea (kmallea@gmail.com)
 *
 * @license: http://creativecommons.org/publicdomain/zero/1.0/
 */
!function(a){var b=/iPhone/i,c=/iPod/i,d=/iPad/i,e=/(?=.*\bAndroid\b)(?=.*\bMobile\b)/i,f=/Android/i,g=/IEMobile/i,h=/(?=.*\bWindows\b)(?=.*\bARM\b)/i,i=/BlackBerry/i,j=/BB10/i,k=/Opera Mini/i,l=/(?=.*\bFirefox\b)(?=.*\bMobile\b)/i,m=new RegExp(""(?:Nexus 7|BNTV250|Kindle Fire|Silk|GT-P1000)"",""i""),n=function(a,b){return a.test(b)},o=function(a){var o=a||navigator.userAgent;return this.apple={phone:n(b,o),ipod:n(c,o),tablet:n(d,o),device:n(b,o)||n(c,o)||n(d,o)},this.android={phone:n(e,o),tablet:!n(e,o)&&n(f,o),device:n(e,o)||n(f,o)},this.windows={phone:n(g,o),tablet:n(h,o),device:n(g,o)||n(h,o)},this.other={blackberry:n(i,o),blackberry10:n(j,o),opera:n(k,o),firefox:n(l,o),device:n(i,o)||n(j,o)||n(k,o)||n(l,o)},this.seven_inch=n(m,o),this.any=this.apple.device||this.android.device||this.windows.device||this.other.device||this.seven_inch,this.phone=this.apple.phone||this.android.phone||this.windows.phone,this.tablet=this.apple.tablet||this.android.tablet||this.windows.tablet,""undefined""==typeof window?this:void 0},p=function(){var a=new o;return a.Class=o,a};""undefined""!=typeof module&&module.exports&&""undefined""==typeof window?module.exports=o:""undefined""!=typeof module&&module.exports&&""undefined""!=typeof window?module.exports=p():""function""==typeof define&&define.amd?define(""isMobile"",[],a.isMobile=p()):a.isMobile=p()}(this);
</script>
<script src=""http://i.imgci.com/navigation/cricinfo/ci/assets/js/src/sub_nav.min.js?v=1500526114""></script>
<!-- Sub nav width related js ends-->
</body>
</html>
"
